{"cameraMode":{"drawMode":0,"name":"Shaded","section":"Shading Mode"},"sceneLighting":true,"audioPlay":false,"sceneViewState":{"showFog":true,"showMaterialUpdate":false,"showSkybox":true,"showFlares":true,"showImageEffects":true,"showParticleSystems":true},"in2DMode":false,"pivot":{"x":7.9204864501953129,"y":2.271221876144409,"z":5.801342964172363},"rotation":{"x":0.009589705616235733,"y":-0.6839666366577148,"z":-0.009059678763151169,"w":-0.7293939590454102},"size":9.572698593139649,"orthographic":false}