{"cameraMode":{"drawMode":0,"name":"Shaded","section":"Shading Mode"},"sceneLighting":false,"audioPlay":false,"sceneViewState":{"showFog":true,"showMaterialUpdate":false,"showSkybox":false,"showFlares":true,"showImageEffects":true,"showParticleSystems":true},"in2DMode":false,"pivot":{"x":1.3765407800674439,"y":-0.263492226600647,"z":1.0548615455627442},"rotation":{"x":-0.1568828523159027,"y":-0.6508017182350159,"z":0.1399419605731964,"w":-0.7295623421669006},"size":6.138056755065918,"orthographic":false}