{"cameraMode":{"drawMode":0,"name":"Shaded","section":"Shading Mode"},"sceneLighting":true,"audioPlay":false,"sceneViewState":{"showFog":true,"showMaterialUpdate":false,"showSkybox":true,"showFlares":true,"showImageEffects":true,"showParticleSystems":true},"in2DMode":false,"pivot":{"x":6.185903072357178,"y":1.4518487453460694,"z":13.057004928588868},"rotation":{"x":0.09409140050411225,"y":0.20572225749492646,"z":-0.0198304895311594,"w":0.9738747477531433},"size":9.949175834655762,"orthographic":false}