{"cameraMode":{"drawMode":0,"name":"Shaded","section":"Shading Mode"},"sceneLighting":false,"audioPlay":false,"sceneViewState":{"showFog":true,"showMaterialUpdate":false,"showSkybox":false,"showFlares":true,"showImageEffects":true,"showParticleSystems":true},"in2DMode":false,"pivot":{"x":0.010250002145767212,"y":0.2998499870300293,"z":-0.01335000991821289},"rotation":{"x":-0.018796546384692193,"y":-0.9696727395057678,"z":0.07901441305875778,"w":-0.2305171936750412},"size":0.8851656317710877,"orthographic":false}