{"cameraMode":{"drawMode":0,"name":"Shaded","section":"Shading Mode"},"sceneLighting":false,"audioPlay":false,"sceneViewState":{"showFog":true,"showMaterialUpdate":false,"showSkybox":false,"showFlares":true,"showImageEffects":true,"showParticleSystems":true},"in2DMode":false,"pivot":{"x":-19.74443244934082,"y":2.1346869468688967,"z":10.610897064208985},"rotation":{"x":-0.06779355555772782,"y":-0.7059409618377686,"z":0.06819593161344528,"w":-0.7017126679420471},"size":12.801041603088379,"orthographic":false}